Part,Part Name,Role,"Form Page (even, left)","Diagram Page (odd, right)",Tier,Item,Spread Goal,Diagram Page Content,Form Page Fields,Base View
A,Admin,Part opener,A000,A001,Basic,Admin,See every document pinned to the part of the home it governs,"Exterior master view, ghosted; document callouts pinned to what they cover (deed→lot, policy→roof, mortgage→whole house). Reader interaction on the opener: Checklist: which documents exist, which are missing.",,Overlay
A,Admin,Spread,A002,A003,Basic,Budget & affordability,Understand the true monthly cost of this home and record yours,Pie chart of total monthly cost (PITI + utilities + upkeep); the 1-2% annual maintenance rule bar,Purchase price; down payment; monthly PITI; utilities estimate; maintenance reserve; total monthly cost,Document Desk
A,Admin,Spread,A004,A005,Basic,Mortgage & financing,Understand how a mortgage amortizes and record your loan,Amortization curve (interest vs principal over the term); anatomy of one payment,Lender/servicer; loan #; type; rate; term; monthly payment; escrow Y/N; payoff date,Document Desk
A,Admin,Spread,A006,A007,Basic,Home inspection,Understand what an inspection covers and log your report's findings,House cutaway tagged with the major inspection zones,Inspector; date; report location; major findings; fixed items; deferred items,Document Desk
A,Admin,Spread,A008,A009,Basic,Appraisal,Understand how home value is determined and record yours,"Comps map; value-drivers diagram (location, size, condition)",Appraised value; date; appraiser; $/sqft; comps used,Document Desk
A,Admin,Spread,A010,A011,Basic,Title & deed,Understand what proves ownership and where yours lives,Chain-of-title timeline; annotated sample deed,Deed type; recording date; county registry; title policy #; storage location,Document Desk
A,Admin,Spread,A012,A013,Basic,Closing & escrow,Understand the closing process and archive your documents,Closing flowchart (offer→escrow→keys); settlement statement anatomy,Closing date; escrow company; cash to close; document storage location,Document Desk
A,Admin,Spread,A014,A015,Basic,Property survey & boundaries,Know exactly what land is yours,Annotated plat/survey sample; corner-pin locator sketch,Survey date; surveyor; lot size; pin locations; easements; encroachments,Document Desk
A,Admin,Spread,A016,A017,Basic,Permits & zoning,Know your zoning envelope,Lot diagram showing setbacks and height limits,Zoning class; setbacks; height limit; permit office contact,Document Desk
A,Admin,Spread,A018,A019,Basic,Tracking home value & equity,Watch your largest asset grow,Equity stack chart (value vs loan balance over years),Estimated value by year; loan balance; equity; improvements added,Document Desk
A,Admin,Spread,A020,A021,Basic,Preparing to sell,Know what selling well requires,Sale-prep timeline (90/60/30 days); curb-appeal checklist illustration,Target date; agent; repair list; staging notes; list price,Document Desk
A,Admin,Spread,A200,A201,Advanced,Renovation planning,Plan projects like a contractor,Project lifecycle flow (dream→budget→permit→build→inspect); cost-vs-value chart,Project; budget; contractor; permit #; start/end; final cost,Document Desk
A,Admin,Spread,A202,A203,Advanced,Permits for improvements,Know when the city must say yes,Permit decision tree; inspection sequence diagram,Permit #; scope; issued date; inspections passed; closed date,Document Desk
A,Admin,Spread,A204,A205,Advanced,Transferring the home,Understand the ways a home changes hands,Transfer paths diagram (sale / gift / inheritance / trust),Intended path; attorney; documents in place; beneficiaries,Document Desk
A,Admin,Spread,A400,A401,Professional,Renting out space,The home as income,"Rental readiness diagram (legal, safety, insurance)",Space rented; permits; insurance rider; income records,Document Desk
B,Bookkeeping,Part opener,B000,B001,Basic,Bookkeeping,"See every account, policy, and record attached to the home","Exterior master view, ghosted; record callouts (utility accounts→meters, warranties→appliances, shutoff map→valves). Reader interaction on the opener: Checklist: records complete vs missing per callout.",,Overlay
B,Bookkeeping,Spread,B002,B003,Basic,Home records & filing system,Every paper findable in a minute,Filing tree of home record categories,System used; location; categories; backup method,Document Desk
B,Bookkeeping,Spread,B004,B005,Basic,Home inventory,Prove what you own before you lose it,Room-by-room inventory walk diagram,Rooms completed; video date; cloud storage; appraised items,Document Desk
B,Bookkeeping,Spread,B006,B007,Basic,Homeowner's insurance,Understand what your policy covers and record it,Coverage umbrella diagram (dwelling/property/liability/ALE); claim process flow,Carrier; policy #; premium; deductible; dwelling coverage; renewal date; agent,Document Desk
B,Bookkeeping,Spread,B008,B009,Basic,Property taxes,Understand how your tax bill is calculated,Tax math diagram (assessed value × rate); appeal process flow,Parcel #; assessed value; annual tax; due dates; exemptions,Document Desk
B,Bookkeeping,Spread,B200,B201,Advanced,Flood insurance,Know your flood risk and your coverage,Flood-zone map sketch; covered vs not-covered split,Flood zone; policy #; premium; coverage amount; elevation certificate Y/N,Document Desk
B,Bookkeeping,Spread,B202,B203,Advanced,Hazard / umbrella insurance,Understand liability beyond the basics,Liability layers diagram (home policy → umbrella),Policy #; limit; premium; carrier; renewal date,Document Desk
B,Bookkeeping,Spread,B204,B205,Advanced,HOA / covenants & restrictions,Know the rules that bind your property,Governance diagram (board→rules→you); what-needs-approval chart,HOA name; dues; contact; key restrictions; approvals required for,Document Desk
B,Bookkeeping,Spread,B206,B207,Advanced,Home warranty plan,Know what the plan really covers,Home warranty vs insurance Venn diagram,Provider; cost; covered systems; claim process; renewal,Document Desk
B,Bookkeeping,Spread,B208,B209,Advanced,Estate & ownership planning,Make ownership outlive you,Ownership transfer diagram (will / trust / joint title),Will location; executor; how titled; beneficiaries; attorney,Document Desk
C,Curb,Part opener,C000,C001,Basic,Curb,See everything under the open sky as one system,"Exterior master view in full color; grounds elements highlighted and labeled (lawn, trees, beds, drive, fence, pool, coop). Reader interaction on the opener: Reader's lot sketch: position their own outdoor elements.",,Overlay
C,Curb,Spread,C002,C003,Basic,Site grading & drainage,See how your whole lot sheds water,Positive grading detail at foundation; swale diagram,Trouble spots; regraded; swale map,Exterior
C,Curb,Spread,C004,C005,Basic,Turf & lawn,Understand turf as a system,Grass anatomy (root depth vs mowing height); seasonal care wheel,Area; grass type; mow height; fertilize and aerate dates,Exterior
C,Curb,Spread,C006,C007,Basic,Road,Understand your surface and its enemies,Driveway cross-section (base/surface layers); crack types chart,Material; area; last sealed; drainage notes,Exterior
C,Curb,Spread,C008,C009,Basic,Driveway,Understand your surface and its enemies,Driveway cross-section (base/surface layers); crack types chart,Material; area; last sealed; drainage notes,Exterior
C,Curb,Spread,C010,C011,Basic,Walkways & paths,Safe passage in all seasons,Path construction cross-section,Materials; trip hazards; ice strategy,Exterior
C,Curb,Spread,C012,C013,Basic,Property boundaries & markers,Know your exact lines,Lot sketch with pin locations,Pin locations/landmarks; fence offsets; disputes,Exterior
C,Curb,Spread,C014,C015,Basic,Plat,Know your exact lines,Lot sketch with pin locations,Pin locations/landmarks; fence offsets; disputes,Document Desk
C,Curb,Spread,C016,C017,Basic,Road connection & apron,Understand your surface and its enemies,Driveway cross-section (base/surface layers); crack types chart,Material; area; last sealed; drainage notes,Exterior
C,Curb,Spread,C018,C019,Basic,Pavers & patio,Understand your surface and its enemies,Driveway cross-section (base/surface layers); crack types chart,Material; area; last sealed; drainage notes,Exterior
C,Curb,Spread,C020,C021,Basic,Fencing,Know your fence and whose it is,Post-setting detail; property-line offset diagram,Material; length; shared sides; last stained,Exterior
C,Curb,Spread,C022,C023,Basic,Trees & shade,"Your largest plants, your largest risks",Tree hazard zones diagram (over roof and lines); root zone illustration,"Inventory (species, height, distance to house); arborist; last pruned",Exterior
C,Curb,Spread,C024,C025,Basic,"Garden beds, hedges & shrubs",Bloom all season by design,Succession bloom timeline; bed layout,Beds; key plants; divide/deadhead schedule,Exterior
C,Curb,Spread,C200,C201,Advanced,Parking,Map your parking assets,Site sketch of spaces,Spaces; surfaces; permits needed,Exterior
C,Curb,Spread,C202,C203,Advanced,Gates,Gates that swing true,Gate hinge and latch anatomy,Locations; hardware; opener Y/N,Exterior
C,Curb,Spread,C204,C205,Advanced,Retaining walls,Understand what holds your hill,"Wall cross-section (drainage, weep holes, batter)",Locations; height; material; bulge or lean notes,Exterior
C,Curb,Spread,C206,C207,Advanced,Snow & ice management,Winter's standing appointment,Ice dam formation diagram; de-icing strategy map,Equipment; de-icer type; contractor; roof rake Y/N,Exterior
C,Curb,Spread,C208,C209,Advanced,Sprinkler irrigation,See your zones underground,Yard zone map; sprinkler head types chart,Controller model; zones and coverage; winterize/startup dates,Exterior
C,Curb,Spread,C210,C211,Advanced,Vegetable garden,Map your growing operation,Bed layout plan; sun map; hardiness zone map,Zone; beds; sun hours; soil test date; crops,Exterior
C,Curb,Spread,C212,C213,Advanced,Herb garden,Perennial vs annual herbs at a glance,Herb layout/spiral plan,Herbs grown; perennials list; harvest notes,Exterior
C,Curb,Spread,C214,C215,Advanced,Compost,Waste becomes soil,"Compost layers diagram (greens, browns, air, water)",System type; ratio notes; turned dates,Exterior
C,Curb,Spread,C216,C217,Advanced,Wildlife & critter management,Coexist on your terms,"Entry and attractant map (deer, raccoons, moles)",Species seen; deterrents; exclusion work; local trapping rules,Exterior
C,Curb,Spread,C218,C219,Advanced,Grill & smoker,Master fire and food safely,"Grill anatomy (burners, grates, grease path)",Type; fuel; grates cleaned; burner check,Exterior
C,Curb,Spread,C220,C221,Advanced,Fire pit,"Fire, contained",Clearance diagram (distances to structures),Type; fuel; local burn rules; screen Y/N,Exterior
C,Curb,Spread,C222,C223,Advanced,Outdoor furniture & cushions,Furnish the open air,Material weathering chart,Inventory; covers; winter storage plan,Exterior
C,Curb,Spread,C224,C225,Advanced,Playground & play structures,Safe play by design,Fall zone and surfacing diagram,Equipment; surfacing depth; hardware checked; age fit,Exterior
C,Curb,Spread,C226,C227,Advanced,Holiday & decorative lighting,"Festive, safely",Outdoor circuit load diagram; safe attachment methods,Storage location; circuits used; timers; outdoor-rated check,Exterior
C,Curb,Spread,C400,C401,Professional,Raised beds,Understand bed-building,Raised bed cross-section (soil layers),Count; sizes; soil mix; built date,Exterior
C,Curb,Spread,C402,C403,Professional,Greenhouse,A climate you control,Greenhouse airflow and venting diagram,Size; glazing; heat source; vents,Exterior
C,Curb,Spread,C404,C405,Professional,Orchard & fruit trees,Know each tree's needs,Pruning cuts diagram; tree spacing plan,"Trees (variety, planted, rootstock); harvest months",Exterior
C,Curb,Spread,C406,C407,Professional,Berry bushes & vines,"Small fruits, big returns",Trellis systems diagram,Varieties; locations; pruned date,Exterior
C,Curb,Spread,C408,C409,Professional,Drip irrigation,"Water at the root, drop by drop",Drip schematic (filter→regulator→emitters),Zones; emitter types; flush date,Exterior
C,Curb,Spread,C410,C411,Professional,Robot mower,The lawn that cuts itself,Boundary wire or GPS zones map,Model; boundary type; schedule; blades changed,Exterior
C,Curb,Spread,C412,C413,Professional,Pond,A balanced ecosystem in a basin,"Pond cross-section (liner, shelves, biology)",Volume; liner type; fish and plants; seasonal care,Exterior
C,Curb,Spread,C414,C415,Professional,Pond pump & filtration,Keep water moving and clear,Pump-filter-UV flow loop diagram,Pump model; GPH; filter type; cleaned date,Exterior
C,Curb,Spread,C416,C417,Professional,Fountain & water features,"Moving water, simply",Recirculation diagram,Feature; pump model; winter procedure,Exterior
C,Curb,Spread,C418,C419,Professional,Pool,Understand the vessel,"Pool anatomy cutaway (skimmer, returns, main drain)",Volume; surface type; opened/closed dates; rules posted,Exterior
C,Curb,Spread,C420,C421,Professional,Pool pump & filtration,The pool's heart and kidneys,Circulation loop diagram; filter types chart,Pump model/HP; filter type; pressure baseline; backwash date,Exterior
C,Curb,Spread,C422,C423,Professional,Pool heater,"Warm water, on budget",Heater types comparison (gas / heat pump / solar),Type; model; target temp; serviced date,Exterior
C,Curb,Spread,C424,C425,Professional,Pool chemistry,Read water like a pro,"Chemistry wheel (pH, chlorine, alkalinity ranges)","Test log: date, pH, chlorine, alkalinity, actions",Exterior
C,Curb,Spread,C426,C427,Professional,Pool cover & safety,Layers of protection,Safety layers diagram (fence→alarm→cover),Cover type; barrier height; alarms; latch checks,Exterior
C,Curb,Spread,C428,C429,Professional,Hot tub / spa,"Small water, fast chemistry",Spa plumbing loop diagram,Model; volume; drain/refill date; chemistry log,Exterior
C,Curb,Spread,C430,C431,Professional,Outdoor kitchen,Cook where you live,"Utility runs diagram (gas, water, power to the island)",Appliances; gas source; winterize steps,Exterior
C,Curb,Spread,C432,C433,Professional,Outdoor shower,Rinse where you swim,Outdoor shower plumbing and drain diagram,Location; hot water Y/N; winterize steps,Exterior
C,Curb,Spread,C434,C435,Professional,Sport court & hoop,Play at home,Court dimensions and surfacing diagram,Type; surface; hoop height; maintenance,Exterior
C,Curb,Spread,C436,C437,Professional,Chicken coop & backyard poultry,Eggs from the backyard,"Coop anatomy (roost, nest boxes, run, predator-proofing)",Flock; coop specs; local rules; predator audit,Exterior
C,Curb,Spread,C438,C439,Professional,Beehives,"Keep bees, legally and well","Hive anatomy (boxes, frames)",Hives; registration; inspection log; harvest dates,Exterior
C,Curb,Spread,C440,C441,Professional,Outdoor & landscape speakers,Sound in the garden,Speaker zones and buried cable diagram,Zones; amplifier location; volume rules,Exterior
D,Dwelling,Part opener,D000,D001,Basic,Dwelling,See the bones and envelope as one continuous shell,"Cutaway master view; frame, foundation, roof, and envelope layers highlighted; load path arrows. Reader interaction on the opener: Mark your home's structure type, stories, attic and basement access.",,Overlay
D,Dwelling,Spread,D002,D003,Basic,Foundation,Read your foundation's health,Foundation types cutaway (slab/crawl/basement); crack severity chart,Type; crack map; moisture notes; last inspected,Cutaway
D,Dwelling,Spread,D004,D005,Basic,Basement & crawlspace,Know the space beneath,Basement moisture sources diagram; crawlspace anatomy,Type; moisture readings; access points; stored items,Cutaway
D,Dwelling,Spread,D006,D007,Basic,Finished Basement,Treat the finished basement as a distinct documented part of the dwelling,Existing 603 Finished Basement artwork. Exact teaching scope should be transcribed from the Illustrator page before canonical implementation. Replace printed legacy identity with D63 and pair to D62.,REVIEW REQUIRED: define page-specific form fields after inspecting the existing Finished Basement artwork,Cutaway
D,Dwelling,Spread,D008,D009,Basic,Framing & load paths,See how the house stands up,Load path diagram (roof→walls→foundation); bearing vs partition walls,Framing type; known bearing walls; sag or bounce notes,Cutaway
D,Dwelling,Spread,D010,D011,Basic,Insulation,Where heat escapes,Whole-house heat loss diagram (% by surface); R-value map by area,Attic R-value; wall type; floor/crawl; upgrades,Cutaway
D,Dwelling,Spread,D012,D013,Basic,Air sealing & vapor barriers,Stop the leaks you can't see,Common air leak points diagram,Known drafts; sealed dates; blower test result,Cutaway
D,Dwelling,Spread,D014,D015,Basic,Windows,Understand a window's anatomy,"Window anatomy (sash, glazing, weep holes, low-E)",Count; type and material; age; failed seals list,Exterior
D,Dwelling,Spread,D016,D017,Basic,Exterior doors,"Tight, true, and secure","Door anatomy (jamb, sweep, threshold, strike)",Door list; weatherstrip condition; adjusted date,Exterior
D,Dwelling,Spread,D018,D019,Basic,Garage door & opener,Your largest moving object,"Spring, cable, and track anatomy; safety sensor alignment",Opener model; spring type; balance test date; sensor test,Exterior
D,Dwelling,Spread,D020,D021,Basic,Siding & exterior walls,The weather skin,Wall cross-section (siding→barrier→sheathing),Material; last washed/painted; damage map,Exterior
D,Dwelling,Spread,D022,D023,Basic,Exterior paint & caulking,The thin line against rot,"Failure points diagram (joints, sills, trim)",Colors and brands; last painted; caulk checked,Exterior
D,Dwelling,Spread,D024,D025,Basic,Attic,Your house's diagnostic space,Attic inspection map (what to check where),Access location; insulation depth; leak stains; pest signs,Cutaway
D,Dwelling,Spread,D026,D027,Basic,Roof covering (shingles/metal/tile),Know your roof's age and enemies,"Roof layers cutaway (deck, underlayment, covering)",Material; installed year; estimated life left; leak history,Exterior
D,Dwelling,Spread,D028,D029,Basic,Chimney & flue,The exhaust tower,"Chimney cutaway (crown, cap, liner, flue)",Flue count; liner type; swept date; cap condition,Exterior
D,Dwelling,Spread,D030,D031,Basic,Deck,The room outside,Ledger attachment detail (the critical joint); joist anatomy,Size; material; ledger checked; stained date,Exterior
D,Dwelling,Spread,D032,D033,Basic,Shed,The fifth wall of storage,Shed foundation options diagram,Size; foundation; contents zones; roof condition,Exterior
D,Dwelling,Spread,D034,D035,Basic,Completed dwelling & garage,See the bones and envelope as one continuous shell,"Cutaway master view; frame, foundation, roof, and envelope layers highlighted; load path arrows. Reader interaction on the opener: Mark your home's structure type, stories, attic and basement access.",,Overlay
D,Dwelling,Spread,D200,D201,Advanced,Roof flashing & valleys,Where roofs actually leak,"Flashing details (chimney, valley, vent boot)",Flashing points map; last inspected; resealed,Exterior
D,Dwelling,Spread,D202,D203,Advanced,Soffits & fascia,The roof's edge explained,"Eave cross-section (soffit, fascia, gutter relationship)",Material; vent type; rot spots,Exterior
D,Dwelling,Spread,D204,D205,Advanced,Storm doors & window screens,The seasonal second layer,Storm door anatomy; screen repair steps,Inventory; seasonal swap dates; repairs,Exterior
D,Dwelling,Spread,D206,D207,Advanced,Patio,"Stone underfoot, done right",Patio base cross-section,Material; area; releveled; joint sand date,Exterior
D,Dwelling,Spread,D400,D401,Professional,Pergola & shade structures,Shade by design,Post and beam connection details,Structure; material; hardware check; stained,Exterior
D,Dwelling,Spread,D402,D403,Professional,Workshop,A safe place to make,"Workshop layout zones (dust, power, bench)",Power available; dust management; tool inventory location,Exterior
D,Dwelling,Spread,D404,D405,Professional,Detached garage,The second building,"Garage systems mini-map (power, door, roof)",Size; power Y/N; door serviced; roof age,Exterior
D,Dwelling,Spread,D406,D407,Professional,Well house / pump house,Protect the water source,Well house freeze-protection diagram,Heat source; insulation; contents; winter checks,Exterior
D,Dwelling,Spread,D408,D409,Professional,Outdoor storage,Everything in its place outside,Property storage map,Locations; contents; weatherproofing notes,Exterior
D,Dwelling,Spread,D410,D411,Professional,Elevator & stair lift,Vertical mobility at home,Stair lift track and elevator shaft diagrams,Type; capacity; inspected; service contract,Cutaway
D,Dwelling,Spread,D412,D413,Professional,ADU / accessory dwelling,A second home on the lot,"ADU types diagram (detached, garage conversion, basement)",Type; permits; utilities metered; occupancy,Exterior
D,Dwelling,Spread,D414,D415,Professional,Daylighting & skylights,Free light from above,Skylight flashing cross-section,Locations; leak history; shades,Exterior
E,Energy,Part opener,E000,E001,Basic,Energy,"Trace every wire, pipe of gas, and duct of conditioned air","Cutaway master view, ghosted; electrical traced panel-to-outlet and gas meter-to-appliance, each in its color. Reader interaction on the opener: Mark your panel, meter, and equipment locations on the trace.",,Overlay
E,Energy,Spread,E002,E003,Basic,Electrical service entrance & meter,Where power arrives,"Service entrance diagram (drop, meter, mast)",Amps (100/200); overhead or underground; meter #,Cutaway
E,Energy,Spread,E004,E005,Basic,Main panel & breakers,Command center of power,Panel anatomy with labeled breaker map,Panel brand; amps; breaker map filled; AFCI/GFCI present,Cutaway
E,Energy,Spread,E006,E007,Basic,Circuits & wiring,What's on each circuit,Circuit tracing diagram; wire gauge chart,Circuit map (room→breaker); wiring type; year,Cutaway
E,Energy,Spread,E008,E009,Basic,Outlets & GFCI/AFCI,The safety outlets explained,GFCI cutaway (test/reset); where-code-requires diagram,GFCI locations; test log; worn outlets list,Cutaway
E,Energy,Spread,E010,E011,Basic,Switches,Every switch decoded,Three-way switch wiring diagram,Mystery switches solved; dimmer locations,Cutaway
E,Energy,Spread,E012,E013,Basic,Grounding system,The path that saves lives,"Grounding diagram (rod, bonding, panel)",Rod location; bonded systems; inspected,Cutaway
E,Energy,Spread,E014,E015,Basic,Interior lighting fixtures,Light every room right,"Lighting layers diagram (ambient, task, accent)",Fixture inventory; bulb types and sizes per room,Cutaway
E,Energy,Spread,E016,E017,Basic,Lighting controls & dimmers,Control the mood,LED dimmer compatibility chart,Dimmer locations; bulb pairing notes,Cutaway
E,Energy,Spread,E018,E019,Basic,Exterior lighting — entry,Welcome and security at the door,Entry lighting placement diagram,Fixtures; bulbs; controls (timer/photocell),Exterior
E,Energy,Spread,E020,E021,Basic,Gas meter & main shutoff,Find and operate the gas main,Meter anatomy with shutoff valve positions (quarter-turn on/off),Meter location; shutoff tool location; smell-gas steps posted,Cutaway
E,Energy,Spread,E022,E023,Basic,Gas piping,Know what runs on gas,House gas line map (meter→appliances),Appliances on gas; pipe material; last leak test,Cutaway
E,Energy,Spread,E024,E025,Basic,Gas appliances & connections,Every flame accounted for,Flex connector and sediment trap detail,Appliance list; shutoffs; serviced dates,Cutaway
E,Energy,Spread,E026,E027,Basic,Furnace,Understand your heat engine,"Furnace cutaway (burner, exchanger, blower, filter)",Brand/model; fuel; age; filter size; serviced,Cutaway
E,Energy,Spread,E200,E201,Advanced,Exterior lighting — path,Guide every step,Low-voltage system diagram (transformer→runs),Transformer watts; fixtures; schedule,Exterior
E,Energy,Spread,E202,E203,Advanced,Exterior lighting — flood/security,Light as a deterrent,Motion sensor coverage cone diagram,Locations; sensor settings; aim checked,Exterior
E,Energy,Spread,E204,E205,Advanced,Surge protection & UPS,Defend the electronics,"Layered protection diagram (panel, strip, UPS)",Whole-house unit Y/N; protected gear; UPS runtime,Cutaway
E,Energy,Spread,E206,E207,Advanced,Subpanels,Power's branch offices,Main-to-subpanel feeder diagram,Locations; what they feed; amps,Cutaway
E,Energy,Spread,E208,E209,Advanced,Generator,Power when the grid fails,Portable vs standby hookup diagram; CO clearance zones,Type; watts; fuel; monthly run log; interlock Y/N,Exterior
E,Energy,Spread,E210,E211,Advanced,Propane tank,Your fuel on site,"Tank anatomy (gauge, regulator, relief valve)",Size; gauge %; supplier; regulator age,Exterior
E,Energy,Spread,E212,E213,Advanced,Fireplace,"The open flame, managed","Fireplace anatomy (damper, smoke shelf, flue)",Type; damper works; last swept; cap Y/N,Cutaway
E,Energy,Spread,E400,E401,Professional,Transfer switch,Switch power sources safely,Transfer switch wiring concept,Manual or automatic; circuits covered; exercised date,Cutaway
E,Energy,Spread,E402,E403,Professional,Solar panels,Harvest your roof,System diagram (panels→inverter→panel→grid),kW size; installer; install date; production baseline,Exterior
E,Energy,Spread,E404,E405,Professional,Inverter,"DC to AC, explained",String vs micro inverter comparison,Model; location; fault history; firmware,Cutaway
E,Energy,Spread,E406,E407,Professional,Battery storage,Keep the sun for later,Backup flow diagram (what stays on),kWh; backed-up circuits; mode settings,Cutaway
E,Energy,Spread,E408,E409,Professional,Smart electrical panel,The breaker box gets a brain,Per-circuit monitoring diagram,Model; circuits monitored; alerts set,Cutaway
E,Energy,Spread,E410,E411,Professional,EV charger,Fuel at home,Level 1/2/3 comparison; circuit requirement diagram,Level; amps; circuit; installed,Cutaway
E,Energy,Spread,E412,E413,Professional,Small wind turbine,Power from the wind,Turbine siting and height diagram,Model; tower height; output; permits,Exterior
E,Energy,Spread,E414,E415,Professional,Boiler,Heat by water,Boiler loop diagram (boiler→radiators→return),Type; normal pressure; bled date; serviced,Cutaway
E,Energy,Spread,E416,E417,Professional,Radiant floor heating,Warmth underfoot,Radiant loop and manifold diagram,Zones; manifold location; fluid type,Cutaway
E,Energy,Spread,E418,E419,Professional,Geothermal heat pump,Heat from the earth,Ground loop types diagram (horizontal vs vertical),Loop type; model; fluid checked; serviced,Cutaway
E,Energy,Spread,E420,E421,Professional,Wood stove,Fire as a system,Stove clearances and flue diagram,Model; clearances; gasket date; flue swept,Cutaway
E,Energy,Spread,E422,E423,Professional,Pellet stove,Automated wood heat,"Pellet stove anatomy (hopper, auger, burn pot)",Model; pellet storage; cleaned; serviced,Cutaway
F,Flow,Part opener,F000,F001,Basic,Flow,Trace every drop of water and every breath of air,"Cutaway master view, ghosted; supply traced in blue, hot in red, drains in green, conditioned air in orange from equipment through ducts to registers. Reader interaction on the opener: Mark your main shutoff, heater, and cleanouts on the trace.",,Overlay
F,Flow,Spread,F002,F003,Basic,Water Source,Know where every drop begins,Source-to-tap diagram (municipal vs well paths),Source type; provider or well info; normal pressure,Cutaway
F,Flow,Spread,F004,F005,Basic,Water testing,"Trust, then verify",What-to-test chart by source type,"Test dates; results (bacteria, lead, nitrates); lab used",Cutaway
F,Flow,Spread,F006,F007,Basic,Main supply line & meter,The artery in,Meter and main shutoff diagram; leak test via meter dial,Meter location; shutoff location; line material; leak test date,Cutaway
F,Flow,Spread,F008,F009,Basic,Shutoff valves,Stop water anywhere,Valve types (ball vs gate); fixture stop locations,Valve map by fixture; exercised date,Cutaway
F,Flow,Spread,F010,F011,Basic,Supply piping & manifolds,The house's veins,Pipe materials chart (copper/PEX/galvanized); manifold diagram,Materials; manifold location; pressure,Cutaway
F,Flow,Spread,F012,F013,Basic,Water heater,The hot heart,"Tank cutaway (anode, TPR valve, dip tube, sediment)",Type; brand; capacity; installed; temp setting; flushed; anode checked,Cutaway
F,Flow,Spread,F014,F015,Basic,Pipe insulation & freeze protection,Beat the freeze,Vulnerable pipes map; heat tape detail,Insulated runs; heat tape locations; freeze protocol,Cutaway
F,Flow,Spread,F016,F017,Basic,Faucets & fixtures,Anatomy of a faucet,Cartridge faucet exploded view; aerator detail,Fixture list; cartridge types; drips fixed,Cutaway
F,Flow,Spread,F018,F019,Basic,Toilets,The most-used machine in the house,"Tank anatomy (flapper, fill valve, flush path)",Toilet list; flapper sizes; parts replaced,Cutaway
F,Flow,Spread,F020,F021,Basic,Showers & tubs,Behind the wall,Shower valve anatomy; waterproofing layers,Valve types; caulk and grout date; leak checks,Cutaway
F,Flow,Spread,F022,F023,Basic,Hose bibs & spigots,"Outdoor water, winter-safe",Frost-free sillcock cutaway,Locations; frost-free Y/N; winterized date,Exterior
F,Flow,Spread,F024,F025,Basic,Drain piping,Gravity's plumbing,DWV tree diagram (fixture→stack→sewer),Material; slow drain history; snaked dates,Cutaway
F,Flow,Spread,F026,F027,Basic,Traps & cleanouts,The water seal explained,P-trap function diagram; cleanout locations map,Cleanout locations; trap issues,Cutaway
F,Flow,Spread,F028,F029,Basic,Vent stacks,Why drains need air,Venting principle diagram (trap siphon prevention),Roof vent count; blockage history,Cutaway
F,Flow,Spread,F030,F031,Basic,Sewer lateral,Your pipe to the street,"Lateral path diagram (house→main, ownership line)",Material; age; camera inspection date; root history,Cutaway
F,Flow,Spread,F032,F033,Basic,Gutters,Catch the roof's river,Gutter slope and sizing diagram,Material; size; cleaned dates; problem corners,Exterior
F,Flow,Spread,F034,F035,Basic,Downspouts,Carry it away,Downspout extension and burial detail,Count; discharge points; extensions Y/N,Exterior
F,Flow,Spread,F036,F037,Basic,Central air conditioning,"Cold, explained",Refrigeration cycle diagram (condenser/evaporator),Brand; tonnage; age; refrigerant type; serviced,Cutaway
F,Flow,Spread,F038,F039,Basic,Thermostats & zoning,Talk to your climate,Thermostat wiring basics (C-wire); zone map,Model; schedule set; zones; batteries,Cutaway
F,Flow,Spread,F040,F041,Basic,Ductwork,Air's highway map,Duct layout (supply vs return); leak points,Material; known leaks; sealed and insulated,Cutaway
F,Flow,Spread,F042,F043,Basic,Registers & dampers,Balance the air,Damper positions diagram,Damper locations; seasonal positions,Cutaway
F,Flow,Spread,F044,F045,Basic,Air filters,The lungs' first defense,MERV scale chart; filter locations diagram,Sizes per unit; MERV; change schedule; last changed,Cutaway
F,Flow,Spread,F046,F047,Basic,Bathroom exhaust fans,Moisture's exit,Fan duct-to-exterior diagram,Locations; CFM; ducted outside Y/N; cleaned,Cutaway
F,Flow,Spread,F048,F049,Basic,Attic ventilation,The breathing roof,Soffit-to-ridge airflow diagram,Vent types; net free area estimate; baffles Y/N,Cutaway
F,Flow,Spread,F050,F051,Basic,Ceiling fans,Comfort that spins both ways,"Fan direction by season diagram (summer down, winter up)",Locations; direction switch dates; balanced,Cutaway
F,Flow,Spread,F200,F201,Advanced,Water pressure & PRV,Pressure in the healthy range,PRV anatomy; gauge reading diagram,Static PSI; PRV location; set point; expansion tank,Cutaway
F,Flow,Spread,F202,F203,Advanced,Leak detection & auto-shutoff,The system that watches the water,"Smart shutoff installation diagram (main line, sensors)",Device; sensor locations; auto-shutoff tested; alerts go to,Cutaway
F,Flow,Spread,F204,F205,Advanced,Well pump & pressure tank,Your private waterworks,"Well system diagram (pump, tank, pressure switch)",Pump type and depth; tank size; cut-in/out PSI; installed,Exterior
F,Flow,Spread,F206,F207,Advanced,Water softener,Tame hard water,"Ion exchange diagram (resin bed, brine cycle)",Model; hardness in/out; salt type; refilled,Cutaway
F,Flow,Spread,F208,F209,Advanced,Whole-house filtration,Filter at the front door,Filtration stages diagram,Stages; cartridge sizes; changed dates,Cutaway
F,Flow,Spread,F210,F211,Advanced,Drinking water filtration (RO),The purest tap in the house,RO stages diagram (sediment→carbon→membrane),Model; filter schedule; membrane date; sanitized,Cutaway
F,Flow,Spread,F212,F213,Advanced,Bidet & washlets,Plumbing's comfort upgrade,"Bidet seat hookup diagram (tee valve, power)",Locations; model; GFCI nearby; filter,Cutaway
F,Flow,Spread,F214,F215,Advanced,Septic tank,The private treatment plant,"Septic tank cutaway (baffles, scum, sludge layers)",Size; location map; pumped dates; riser Y/N,Exterior
F,Flow,Spread,F216,F217,Advanced,Leach field,Where water returns to earth,"Leach field cross-section (trenches, biomat)",Location map; installed; wet spots watch list,Exterior
F,Flow,Spread,F218,F219,Advanced,Sump pump,The basement's lifeguard,"Sump pit diagram (pump, float, check valve, discharge)",Model; tested date; battery backup Y/N; discharge point,Cutaway
F,Flow,Spread,F220,F221,Advanced,Rain barrels,Harvest at the downspout,"Rain barrel hookup diagram (diverter, overflow)",Barrels; capacity; mosquito screens; winter drain,Exterior
F,Flow,Spread,F222,F223,Advanced,Humidifier,Add moisture in winter,Bypass humidifier on-furnace diagram,Model; target %; pad changed,Cutaway
F,Flow,Spread,F224,F225,Advanced,Dehumidifier,Dry the damp,How dehumidification works diagram,Model; target %; drain setup; cleaned,Cutaway
F,Flow,Spread,F226,F227,Advanced,Heat pump,Heat that runs both ways,Reversing cycle diagram (heat vs cool mode),Model; age; backup heat type; defrost notes,Exterior
F,Flow,Spread,F400,F401,Professional,Cistern / rain harvesting,Store the sky,Harvest system diagram (roof→first flush→tank),Capacity; uses; screens cleaned,Exterior
F,Flow,Spread,F402,F403,Professional,UV treatment,Light that disinfects,UV chamber diagram,Model; lamp replaced; sleeve cleaned,Cutaway
F,Flow,Spread,F404,F405,Professional,Recirculation loop,"Hot water, instantly","Recirculation loop diagram (pump, return line)",Pump model; timer settings,Cutaway
F,Flow,Spread,F406,F407,Professional,Solar thermal hot water,Sun-heated water,Solar thermal loop (collector→exchanger→tank),Collector size; glycol checked; serviced,Cutaway
F,Flow,Spread,F408,F409,Professional,Greywater reuse,Use water twice,Greywater diverter diagram (laundry→landscape),System type; what's diverted; permit,Exterior
F,Flow,Spread,F410,F411,Professional,Sewage ejector pump,Pumping uphill when gravity can't,"Ejector pit diagram (pump, vent, check valve)",Model; basin location; tested; alarm Y/N,Cutaway
F,Flow,Spread,F412,F413,Professional,French drains,Drainage you can't see,"French drain cross-section (fabric, gravel, pipe)",Runs map; outlets; flushed,Exterior
F,Flow,Spread,F414,F415,Professional,Mini-splits,"Zoned comfort, no ducts","Mini-split anatomy (head, line set, condenser)",Zones and heads; model; filters washed,Cutaway
F,Flow,Spread,F416,F417,Professional,Window units,Cooling one room at a time,BTU sizing chart by room size,Units; BTUs; rooms; storage location,Cutaway
F,Flow,Spread,F418,F419,Professional,Whole-house fan,Cool with the evening,Airflow diagram (windows→attic),Model; CFM; winter cover; run rules,Cutaway
F,Flow,Spread,F420,F421,Professional,ERV / HRV ventilation,Fresh air without losing heat,Heat-exchange core diagram,Model; CFM; cores cleaned; filters,Cutaway
G,Guard,Part opener,G000,G001,Basic,Guard,See every layer of protection at its post,"Cutaway + exterior composite, ghosted; locks, detectors, cameras, extinguishers, and escape routes marked at their stations. Reader interaction on the opener: Mark your device locations; identify uncovered zones.",,Overlay
G,Guard,Spread,G002,G003,Basic,Door locks & deadbolts,Understand what makes a door secure,"Deadbolt anatomy (bolt, strike plate, reinforcement)",Doors and lock types; rekeyed date; spare key plan,Cutaway
G,Guard,Spread,G004,G005,Basic,Window locks,"The most common entry, closed",Window lock types chart,Locks checked per window; reinforcements,Cutaway
G,Guard,Spread,G006,G007,Basic,Surveillance cameras,See your property's blind spots,Camera coverage map of the property,"Cameras (location, type); app; blind spots",Exterior
G,Guard,Spread,G008,G009,Basic,Video recording & storage,Footage that's there when needed,Local vs cloud storage diagram,Retention days; storage type; checked date,Cutaway
G,Guard,Spread,G010,G011,Basic,Doorbell camera,"The front door, always answered","Doorbell wiring (transformer, chime) diagram",Model; wired or battery; storage plan,Exterior
G,Guard,Spread,G012,G013,Basic,Smoke detectors,Three minutes to escape,Placement code diagram (per floor and bedroom); ionization vs photoelectric chart,Locations; types; battery date; replace-by year,Cutaway
G,Guard,Spread,G014,G015,Basic,CO detectors & air monitoring,"The invisible threat, detected",CO sources in a home diagram,Locations; replace-by dates; alarm response posted; monitors; normal readings; alert thresholds,Cutaway
G,Guard,Spread,G016,G017,Basic,Fire extinguishers,The first sixty seconds of a fire,PASS technique illustration; ABC class chart,Locations; classes; gauge checks; expiry,Cutaway
G,Guard,Spread,G018,G019,Basic,Fire sprinkler system,The always-on firefighter,Sprinkler head anatomy; system riser diagram,System type; valve location; inspection date,Cutaway
G,Guard,Spread,G020,G021,Basic,Escape Routes,Two ways out of everywhere,Floor plan with escape arrows per room,Routes per room; meeting point; ladder locations; drill date,Cutaway
G,Guard,Spread,G022,G023,Basic,Emergency kit,"72 hours, ready","Kit contents diagram (water, food, light, meds)",Location; contents date; rotation due,Cutaway
G,Guard,Spread,G024,G025,Basic,Storm preparedness,Before the sky turns,Storm timeline (watch→warning→shelter),Shelter spot; supplies; trees trimmed; shutters,Cutaway
G,Guard,Spread,G026,G027,Basic,Power outage plan,"Dark house, calm family","Outage decision tree (fridge rules, generator start)",Flashlight spots; fridge rules; generator steps,Cutaway
G,Guard,Spread,G028,G029,Basic,Evacuation plan,"Leave fast, leave right",Go-bag contents; evacuation route map,Routes; go-bag location; document grab list; meeting point,Cutaway
G,Guard,Spread,G030,G031,Basic,Visitors: Invertebrates,Recognize the invertebrate visitors around the property and record the ones encountered,Existing 609 Visitors 1 identification artwork. Replace printed legacy code 609 with C103 and replace the printed paired-form reference with C102.,PROPOSED FOR REVIEW: visitors observed; location; date or season; notes,Exterior
G,Guard,Spread,G032,G033,Basic,"Visitors: Reptiles, Amphibians & Fish","Recognize reptile, amphibian, and fish visitors around the property and record the ones encountered",Existing 609 Visitors 2 identification artwork. Replace printed legacy code with C105 and replace the printed paired-form reference with C104.,PROPOSED FOR REVIEW: visitors observed; location; date or season; notes,Exterior
G,Guard,Spread,G034,G035,Basic,Visitors: Birds,Recognize bird visitors around the property and record the ones encountered,Existing 609 Visitors 3 identification artwork. Replace printed legacy code with C107 and replace the printed paired-form reference with C106.,PROPOSED FOR REVIEW: visitors observed; location; date or season; notes,Exterior
G,Guard,Spread,G036,G037,Basic,Visitors: Small Mammals,Recognize small-mammal visitors around the property and record the ones encountered,Existing 609 Visitors 4 identification artwork. Replace printed legacy code with C109 and replace the printed paired-form reference with C108.,PROPOSED FOR REVIEW: visitors observed; location; date or season; notes,Exterior
G,Guard,Spread,G038,G039,Basic,Visitors: Big Mammals,Recognize big-mammal visitors around the property and record the ones encountered,Existing 609 Visitors 5 identification artwork. Replace printed legacy code with C111 and replace the printed paired-form reference with C110.,PROPOSED FOR REVIEW: visitors observed; location; date or season; notes,Exterior
G,Guard,Spread,G200,G201,Advanced,Alarm system,Know your system end to end,Alarm architecture (sensors→panel→monitoring),Provider; code holders; tested; monitoring number,Cutaway
G,Guard,Spread,G202,G203,Advanced,Motion detectors,Sensing intelligently,PIR coverage cone diagram; pet-immune zones,Locations; sensitivity; tested,Cutaway
G,Guard,Spread,G204,G205,Advanced,Childproofing,A house safe at toddler height,"Hazard map at child height (outlets, cords, stairs, anchors)",Gates; anchored furniture; cabinet locks; outlet covers,Cutaway
G,Guard,Spread,G206,G207,Advanced,Radon mitigation,The basement's invisible gas,Sub-slab depressurization diagram,Last test result; system Y/N; fan check,Cutaway
G,Guard,Spread,G400,G401,Professional,Safe,Protect the irreplaceable,Fire rating vs burglary rating chart,Rating; location; bolted Y/N; contents list location,Cutaway
G,Guard,Spread,G402,G403,Professional,Driveway alarm & sensors,Know when anyone arrives,Sensor beam placement diagram,Sensors; range; chime locations,Exterior
G,Guard,Spread,G404,G405,Professional,Storm shelter / safe room,The room that outlasts the storm,Safe room construction standards diagram,Location; rating; supplies inside; family drill,Exterior
G,Guard,Spread,G406,G407,Professional,Lightning rods & grounding,Take the strike safely,Lightning protection path (rod→conductor→ground),System Y/N; components; inspected,Exterior
H,Home,Part opener,H000,H001,Basic,Home,See where daily life runs through the machines,"Cutaway master view, ghosted; kitchen, laundry, food storage, and waste paths highlighted as activity zones. Reader interaction on the opener: Mark your appliance locations and waste flow.",,Overlay
H,Home,Spread,H002,H003,Basic,Refrigerator,Cold storage as a system,Refrigeration cycle diagram; zone temperature map (where food goes),Brand/model; temps set; coils cleaned; filter changed,Cutaway
H,Home,Spread,H004,H005,Basic,Range & oven,The most-used machine in the kitchen,"Range anatomy (burners, igniters, oven elements)",Fuel type; brand and model; self-clean rules; serviced,Cutaway
H,Home,Spread,H006,H007,Basic,Kitchen range hood,Capture the cooking air,Ducted vs recirculating diagram,Type; CFM; filters degreased,Cutaway
H,Home,Spread,H008,H009,Basic,Dishwasher,Clean dishes by system,"Dishwasher anatomy (spray arms, filter, drain loop)",Brand and model; filter cleaned; air gap Y/N; hose age,Cutaway
H,Home,Spread,H010,H011,Basic,Garbage disposal,The drain's grinder,"Disposal cutaway (impellers, reset, hex socket)",Model; never-list posted; unjam tool location,Cutaway
H,Home,Spread,H012,H013,Basic,Pantry,Rotation beats expiration,FIFO rotation diagram; storage life chart,Layout zones; staples list; pest checks,Cutaway
H,Home,Spread,H014,H015,Basic,Washer,"The wash, demystified","Washer anatomy (drum, pump, hoses)",Brand/model; hose age; gasket cleaned; filter,Cutaway
H,Home,Spread,H016,H017,Basic,Dryer,"Heat, tumble, exhaust","Dryer anatomy (element, belt, lint path)",Brand/model; vent cleaned; lint habits,Cutaway
H,Home,Spread,H018,H019,Basic,Dryer vent,The fire risk you can clean,Vent path diagram (dryer→exterior flap),Route length; material; cleaned date,Cutaway
H,Home,Spread,H020,H021,Basic,Laundry sink & drain,The utility workhorse,Standpipe and trap diagram,Sink type; trap cleaned; faucet,Cutaway
H,Home,Spread,H022,H023,Basic,Ironing & care,Care for what you wear,Fabric temperature chart,Equipment; descaled; station location,Cutaway
H,Home,Spread,H024,H025,Basic,Trash collection,"Waste out, on schedule","Collection logistics map (cans, pickup point)",Pickup days; can sizes; rules,Exterior
H,Home,Spread,H026,H027,Basic,Recycling,Sort it right,Local sorting rules chart,Accepted items; schedule; contamination notes,Cutaway
H,Home,Spread,H028,H029,Basic,Pets,The house systems your animals use,"Pet infrastructure map (doors, fence, feeding, waste)",Pets; vet contact; containment; pet door locations; licenses,Cutaway
H,Home,Spread,H030,H031,Basic,Package & courier deliveries,Receive safely in the delivery age,"Delivery zone diagram (porch box, locker, camera view)",Drop spot; delivery instructions; parcel box; theft plan,Exterior
H,Home,Spread,H032,H033,Basic,Garage interior & organization,The hardest-working room,"Garage zones diagram (wall systems, overhead racks)",Zones; wall system; overhead storage; hazardous items stored right,Cutaway
H,Home,Spread,H200,H201,Advanced,Freezer (standalone/chest),"Deep cold, organized",Chest vs upright airflow diagram,Type; temp; defrosted; inventory location,Cutaway
H,Home,Spread,H202,H203,Advanced,Canning,"Preserve safely, by science",Water bath vs pressure canning decision chart,Equipment; gauge tested; recipe log location,Cutaway
H,Home,Spread,H204,H205,Advanced,Houseplants,The indoor garden,Window light zones map of the house,Plants; watering schedule; toxic-to-pets flags,Cutaway
H,Home,Spread,H206,H207,Advanced,Robot vacuum & floor care,Floors on autopilot,Robot navigation and no-go zones map,Model; schedule; bin and filter care; no-go zones,Cutaway
H,Home,Spread,H208,H209,Advanced,Aquarium,A sealed ecosystem indoors,Nitrogen cycle diagram; equipment loop,Tank size; livestock; water change schedule; test log,Cutaway
H,Home,Spread,H400,H401,Professional,Root cellar,Store food the old way,Root cellar venting and humidity diagram,Location; temp/humidity range; what-stores-well log,Cutaway
H,Home,Spread,H402,H403,Professional,Smoking & curing,Flavor and preservation by smoke,Cold vs hot smoking temperature chart,Smoker type; cures used; food safety notes,Cutaway
H,Home,Spread,H404,H405,Professional,Drying & dehydrating,"Remove water, keep the food",Dehydrator airflow diagram,Equipment; dried goods storage; conditioning notes,Cutaway
H,Home,Spread,H406,H407,Professional,Fermenting,Living preservation,"Fermentation vessel anatomy (airlock, brine line)",Vessels; active ferments log; troubleshooting notes,Cutaway
H,Home,Spread,H408,H409,Professional,Vacuum sealing,Air is the enemy,Sealer types comparison,Model; bag inventory; gasket checked,Cutaway
H,Home,Spread,H410,H411,Professional,Specialty refrigeration (wine/beverage/kegerator),Cold for connoisseurs,Wine temperature zones chart,Units; temps; condenser cleaned,Cutaway
H,Home,Spread,H412,H413,Professional,Central vacuum,Suction in the walls,Central vac piping diagram,Power unit location; inlets; canister emptied,Cutaway
H,Home,Spread,H414,H415,Professional,Laundry chute,Gravity does the laundry,Chute routing and fire-door diagram,Route; door latches; cleaned,Cutaway
H,Home,Spread,H416,H417,Professional,Dumbwaiter,The smallest elevator,"Dumbwaiter mechanism (cables, guides)",Capacity; inspected; lubricated,Cutaway
H,Home,Spread,H418,H419,Professional,Home gym,Train where you live,Floor load and layout diagram,Equipment; flooring; mirrors anchored,Cutaway
I,Information,Part opener,I000,I001,Basic,Information,Trace the invisible network that ties it all together,"Cutaway master view, ghosted; data lines traced from service entry through router to every device; wireless coverage shading. Reader interaction on the opener: Mark your service entry, router location, and dead zones.",,Overlay
I,Information,Spread,I002,I003,Basic,Internet service & modem,Where the internet enters,Service entry diagram (line→modem→router),ISP; plan speed; modem model; account #,Cutaway
I,Information,Spread,I004,I005,Basic,Router & WiFi,"Your airwaves, mapped",WiFi coverage heat map of the house,Router model; SSID; password location; dead zones,Cutaway
I,Information,Spread,I006,I007,Basic,Televisions & media devices,The screens and their feeds,AV connection diagram (sources to TV to sound),TVs; mounts secured; devices; remotes and apps,Cutaway
I,Information,Spread,I008,I009,Basic,Cable TV wiring,The coax tree,Splitter tree diagram (signal loss per split),Outlets; splitter locations; provider,Cutaway
I,Information,Spread,I200,I201,Advanced,Home office & tech,The room work lives in,Ergonomics plus power and data diagram,Equipment; backup power; network drops; ergonomic setup,Cutaway
I,Information,Spread,I202,I203,Advanced,Ethernet wiring,The wired backbone,Home network topology diagram,Jack locations; cable category; patch panel location,Cutaway
I,Information,Spread,I204,I205,Advanced,Satellite internet (Starlink),Broadband from orbit,Dish sightline and obstruction diagram,Provider; dish location; mount; speeds; cable route,Exterior
I,Information,Spread,I206,I207,Advanced,Smart home hub,One brain for the house,"Protocol diagram (WiFi, Zigbee, Z-Wave, Matter)",Hub model; protocol; device count,Cutaway
I,Information,Spread,I208,I209,Advanced,Smart thermostats,Climate that learns,Smart thermostat wiring (C-wire) diagram,Model; schedules; sensors paired,Cutaway
I,Information,Spread,I210,I211,Advanced,Smart locks,Keys become codes,Smart lock mechanism diagram,Doors; code log; batteries,Cutaway
I,Information,Spread,I212,I213,Advanced,Smart lighting,Light on command,Smart switch vs smart bulb decision diagram,Devices; scenes set; hub link,Cutaway
I,Information,Spread,I214,I215,Advanced,Voice assistants,Speak to the house,Voice ecosystem diagram (assistant→hub→devices),Devices; rooms; privacy mute policy,Cutaway
I,Information,Spread,I216,I217,Advanced,Digital accounts & passwords,The home's digital keyring,"Account map (utilities, devices, services)",Password manager; shared access; recovery contacts,Document Desk
I,Information,Spread,I400,I401,Professional,Smart sensors,The house that notices,"Sensor placement map (leak, motion, door)",Sensors; locations; batteries; automations,Cutaway
I,Information,Spread,I402,I403,Professional,Antenna (OTA),Free TV from the air,Antenna types and range chart,Type; channels received; aim direction,Exterior
I,Information,Spread,I404,I405,Professional,Satellite dish,Signal from space,Dish aiming diagram (azimuth/elevation),Dish location; receivers; provider,Exterior
I,Information,Spread,I406,I407,Professional,Cellular signal booster,Bars in every room,"Booster system diagram (outside antenna, amp, inside)",Model; carrier bands; antenna locations,Cutaway
I,Information,Spread,I408,I409,Professional,Home server / NAS,The family's private cloud,"Backup topology diagram (devices, NAS, offsite)",Model; capacity; backup schedule; offsite copy,Cutaway
I,Information,Spread,I410,I411,Professional,Weather station,Your yard's own forecast,"Station siting diagram (height, exposure)",Model; sensors; data service; calibrated,Exterior
I,Information,Spread,I412,I413,Professional,Home theater & media room,The room built for the screen,Speaker placement diagram (5.1 and 7.1),Equipment; calibrated; lighting control,Cutaway
I,Information,Spread,I414,I415,Professional,Intercom,Talk through the walls,Intercom wiring diagram,System type; stations; working Y/N,Cutaway
X,Extension,Part opener,X000,X001,Basic,Extension,One place where every system meets — the pages you'll open most,"Exterior + cutaway composite, ghosted, with callout lines to each dashboard spread (shutoffs, contacts, schedule). Reader interaction on the opener: How the appendix cross-references part codes throughout the book.",,Overlay
X,Extension,Spread,X002,X003,Basic,Master shutoff map,"Stop water, gas, and power in seconds","Floor plan marking water main, gas valve, main breaker",Water main location; gas valve location; main breaker location; tools needed,Document Desk
X,Extension,Spread,X004,X005,Basic,Emergency contacts,Every number when seconds matter,One-page contact card layout,Utility emergency lines; nearest hospital; neighbors; family; key holders,Document Desk
X,Extension,Spread,X006,X007,Basic,Master utility account list,Every account on one spread,Utility connection points map of the house,Provider; account #; monthly average; autopay Y/N; contact (per utility),Document Desk
X,Extension,Spread,X008,X009,Basic,Master contractor directory,The right pro in one glance,Trades wheel (which trade fixes which problem),Trade; name; phone; used for; rating; notes,Document Desk
X,Extension,Spread,X010,X011,Basic,Master warranty index,Never let a warranty lapse unseen,Sample master index table layout,Item; brand; purchase date; warranty end; registered Y/N; document location,Document Desk
X,Extension,Spread,X012,X013,Basic,Maintenance schedule,The rhythm of care for the whole house,Annual task wheel by month and system,Task; frequency; last done; next due,Document Desk
X,Extension,Spread,X014,X015,Basic,Maintenance budget,Know what upkeep really costs,Stacked bar of annual costs by system; reserve-fund gauge,Annual budget; reserve balance; actuals by system,Document Desk
X,Extension,Spread,X016,X017,Basic,Spring maintenance checklist,One spread that runs your whole spring,Annual calendar wheel with spring tasks highlighted by system,Tasks completed; dates; findings; costs,Document Desk
X,Extension,Spread,X018,X019,Basic,Summer maintenance checklist,One spread that runs your whole summer,Annual calendar wheel with summer tasks highlighted by system,Tasks completed; dates; findings; costs,Document Desk
X,Extension,Spread,X020,X021,Basic,Fall maintenance checklist,One spread that runs your whole fall,Annual calendar wheel with fall tasks highlighted by system,Tasks completed; dates; findings; costs,Document Desk
X,Extension,Spread,X022,X023,Basic,Winter maintenance checklist,One spread that runs your whole winter,Annual calendar wheel with winter tasks highlighted by system,Tasks completed; dates; findings; costs,Document Desk
X,Extension,Spread,X024,X025,Basic,Glossary of trades & terms,"Speak plumber, electrician, and roofer",Illustrated mini-glossary spreads (the 100 words contractors use),Terms learned; your own notes and local terms,Document Desk